-- Adminer 4.7.6 MySQL dump

SET NAMES utf8;
SET time_zone = '+00:00';
SET foreign_key_checks = 0;
SET sql_mode = 'NO_AUTO_VALUE_ON_ZERO';

SET NAMES utf8mb4;

DROP DATABASE IF EXISTS `theatre`;
CREATE DATABASE `theatre` /*!40100 DEFAULT CHARACTER SET utf8mb4 */;
USE `theatre`;

DROP TABLE IF EXISTS `member`;
CREATE TABLE `member` (
  `cid` int(11) NOT NULL AUTO_INCREMENT,
  `c_name` varchar(30) NOT NULL,
  `phone` varchar(12) NOT NULL,
  `email` varchar(50) NOT NULL,
  `customer_username` varchar(20) NOT NULL,
  `customer_password` varchar(20) NOT NULL,
  PRIMARY KEY (`cid`),
  UNIQUE KEY `customer_username` (`customer_username`)
) ENGINE=InnoDB AUTO_INCREMENT=154 DEFAULT CHARSET=utf8mb4;

INSERT INTO `member` (`cid`, `c_name`, `phone`, `email`, `customer_username`, `customer_password`) VALUES

(1, 'Çağan ', '9129001042', 'fdgfdgdf@gmail.com', 'asdasdasdsad', '0000'),
(2, 'Doğancan ', '4451443417', 'blittlefield1@berkeley.edu', 'sadasd', '0000'),
(3, 'Ezra Kender', '8592570324', 'ekender2@wordpress.com', 'ekender2', 'gVBmkZ1oBF'),
(4, 'Durante Atkin', '6571781971', 'datkin3@cocolog-nifty.com', 'datkin3', 'Aa6Dho'),
(5, 'Ambrosius Sorbie', '8349289408', 'asorbie4@yahoo.com', 'asorbie4', 'bBrMxMgrsy'),
(6, 'Ester Lyptrade', '6585867564', 'elyptrade5@usnews.com', 'elyptrade5', 'pyfmWY2eyhI'),
(7, 'Cynthea Fairholme', '7804533169', 'cfairholme6@nba.com', 'cfairholme6', 'x0PmfA1'),
(8, 'Venus Skeermor', '6715134459', 'vskeermor7@webnode.com', 'vskeermor7', 'iy8pe1h96'),
(9, 'Fidela Ingerson', '8298386553', 'fingerson8@arstechnica.com', 'fingerson8', 'UQRb6F2aFaS'),
(10, 'Gabi Ansley', '9817527676', 'gansley9@bigcartel.com', 'gansley9', 'xBetjFCt0Si'),
(11, 'Isiahi Huard', '4174781982', 'ihuarda@forbes.com', 'ihuarda', 'oCCq55NHn8nV'),
(12, 'Darius Twoohy', '1095032464', 'dtwoohyb@jiathis.com', 'dtwoohyb', '6gXrij3bDPWE'),
(13, 'Darryl Maile', '7084382038', 'dmailec@businessweek.com', 'dmailec', '7uXa18WS3'),
(14, 'Rodge Messier', '2039794968', 'rmessierd@sourceforge.net', 'rmessierd', '6x4mzTjNUcU'),
(15, 'Netta MacAllaster', '8028303919', 'nmacallastere@ox.ac.uk', 'nmacallastere', 'cGm7q99j8'),
(16, 'Rance Pallin', '2305079033', 'rpallinf@bbb.org', 'rpallinf', 'p00Pc3rHHF'),
(17, 'Dasie Bearham', '9035562933', 'dbearhamg@squarespace.com', 'dbearhamg', 'E0u6ccDtI8'),
(18, 'Elena Crawley', '8279354949', 'ecrawleyh@imgur.com', 'ecrawleyh', 'E0po4stx'),
(19, 'Hephzibah Fowell', '4633641173', 'hfowelli@forbes.com', 'hfowelli', 'ZZLS8Xrbu'),
(20, 'Devora Ivanyushin', '5445501099', 'divanyushinj@stumbleupon.com', 'divanyushinj', 'Sy1ZJPdV'),
(21, 'Henderson Faveryear', '2276515117', 'hfaveryeark@ehow.com', 'hfaveryeark', 'Tul4U7l'),
(22, 'Lizette Hallatt', '8536104017', 'lhallattl@ftc.gov', 'lhallattl', 'RgZeDex6'),
(23, 'Arlena Collier', '9767305301', 'acollierm@google.es', 'acollierm', 'Re8prs'),
(24, 'Jacky Hortop', '1151552992', 'jhortopn@oracle.com', 'jhortopn', 'medUAlp4'),
(25, 'Rosana Florez', '4642200125', 'rflorezo@seesaa.net', 'rflorezo', 'NEke9z07aV'),
(26, 'Fee Harsnipe', '9743292502', 'fharsnipep@hhs.gov', 'fharsnipep', 'SNE76xHhJz4w'),
(27, 'Clemmie Feuell', '2232986275', 'cfeuellq@google.co.jp', 'cfeuellq', 'yb8DTs'),
(28, 'Jacobo Wallington', '9386228193', 'jwallingtonr@pagesperso-orange.fr', 'jwallingtonr', 'dX2bUEc'),
(29, 'Gabriele Maling', '5199590821', 'gmalings@livejournal.com', 'gmalings', '8ZnR9QYtHyl'),
(30, 'Kipp Craisford', '3501885294', 'kcraisfordt@baidu.com', 'kcraisfordt', 'cnctNl'),
(31, 'Candi Peddie', '8574825390', 'cpeddieu@microsoft.com', 'cpeddieu', 'yIlknqs'),
(32, 'Muhammad Eversfield', '7962296291', 'meversfieldv@prweb.com', 'meversfieldv', 'ffCBRk5vt'),
(33, 'Roselin Ramelot', '5756380063', 'rramelotw@macromedia.com', 'rramelotw', 'rGHNnNJV'),
(34, 'Cecil Robelin', '7233616858', 'crobelinx@answers.com', 'crobelinx', 'Xbq4dSpG5vys'),
(35, 'Lelah Bosket', '5348694689', 'lboskety@nydailynews.com', 'lboskety', '86nqctL'),
(36, 'Farley Kinleyside', '4454600064', 'fkinleysidez@cbslocal.com', 'fkinleysidez', 'C9rVmHQ'),
(37, 'Odille Damp', '8268593522', 'odamp10@ebay.co.uk', 'odamp10', 'Jh9jQoqt'),
(38, 'Myrlene Wetherald', '1072366702', 'mwetherald11@hexun.com', 'mwetherald11', '8K1w4vPx'),
(39, 'Albie Trodden', '9953577139', 'atrodden12@telegraph.co.uk', 'atrodden12', 'htAxcdK9ZlCK'),
(40, 'Rebeca Itschakov', '2065366085', 'ritschakov13@prweb.com', 'ritschakov13', 'jBdFpm'),
(41, 'Miguel Cavell', '9021653253', 'mcavell14@vimeo.com', 'mcavell14', 'DXqSN3O0Dztq'),
(42, 'Lucho Osgood', '4282480754', 'losgood15@yolasite.com', 'losgood15', '5lYQues3KGPf'),
(43, 'Irv Sibbons', '7744701971', 'isibbons16@cornell.edu', 'isibbons16', 'jsJ3K6BQoBn'),
(44, 'Guenevere Iley', '2371845748', 'giley17@jigsy.com', 'giley17', 'bBwtXr'),
(45, 'Griswold Merrydew', '8369620453', 'gmerrydew18@vkontakte.ru', 'gmerrydew18', 'dDq2ebf'),
(46, 'Lane Voase', '3532991966', 'lvoase19@businessinsider.com', 'lvoase19', 'QPOZuT'),
(47, 'Halette Daouze', '5588600284', 'hdaouze1a@about.com', 'hdaouze1a', '6isiVnD'),
(48, 'Marten Bretelle', '6613585704', 'mbretelle1b@unblog.fr', 'mbretelle1b', 'MgLLnGnT'),
(49, 'Thatcher Petre', '3414033462', 'tpetre1c@discuz.net', 'tpetre1c', '4d02hSPI7G'),
(50, 'Danny Haynes', '4097754437', 'dhaynes1d@ucsd.edu', 'dhaynes1d', 'ky3o0nbjHeJ'),
(51, 'Chaim Olifard', '1491048699', 'colifard1e@marketwatch.com', 'colifard1e', 'AaKizqCLY'),
(52, 'Annette Geke', '6784725110', 'ageke1f@abc.net.au', 'ageke1f', 'MVaYRUp'),
(53, 'Kesley Shucksmith', '8814850276', 'kshucksmith1g@hatena.ne.jp', 'kshucksmith1g', 'ZnZqGA5747k'),
(54, 'Beniamino Crampin', '9099345932', 'bcrampin1h@webnode.com', 'bcrampin1h', 'SU0HJQB'),
(55, 'Rabbi Ovid', '9414594282', 'rovid1i@unesco.org', 'rovid1i', 'w4bhoT8VG7Jl'),
(56, 'Philipa Scutcheon', '3539966960', 'pscutcheon1j@cpanel.net', 'pscutcheon1j', 'gJ8mjWo2'),
(57, 'Porter Rama', '6776052009', 'prama1k@facebook.com', 'prama1k', 'tSo4tbxCs'),
(58, 'Ber Ollier', '1069712113', 'bollier1l@freewebs.com', 'bollier1l', 'Y6KVEDTA3oEh'),
(59, 'Costanza Dossetter', '5769037693', 'cdossetter1m@bloomberg.com', 'cdossetter1m', 'Jrlshd8gBRiu'),
(60, 'Rosalia Bellows', '2771135849', 'rbellows1n@zdnet.com', 'rbellows1n', '523WzckjiIR'),
(61, 'Deana Braffington', '7633309172', 'dbraffington1o@google.com.hk', 'dbraffington1o', 'UhG8k2'),
(62, 'Sharai Duran', '3983403551', 'sduran1p@reddit.com', 'sduran1p', 'XZehd1SJY2'),
(63, 'Merrill Ferriby', '6044741359', 'mferriby1q@prweb.com', 'mferriby1q', 'qMw5qMjV3Cy'),
(64, 'Redd Hulse', '3069172418', 'rhulse1r@noaa.gov', 'rhulse1r', 'GjKpRLm'),
(65, 'Herbert Westmore', '4588137759', 'hwestmore1s@devhub.com', 'hwestmore1s', 'bHdcg51S'),
(66, 'Tailor Casbon', '7084021235', 'tcasbon1t@phoca.cz', 'tcasbon1t', 'OuHjAQN'),
(67, 'Averill Rundle', '1783179246', 'arundle1u@qq.com', 'arundle1u', 'Bws3pk'),
(68, 'Joycelin Muttitt', '2937835260', 'jmuttitt1v@liveinternet.ru', 'jmuttitt1v', 'DUKhmPw'),
(69, 'Demott Rapper', '5384575920', 'drapper1w@pen.io', 'drapper1w', 'qdtBnyd59Scn'),
(70, 'Charlene Earie', '3475071475', 'cearie1x@imgur.com', 'cearie1x', 'Rxj0RvtWZS'),
(71, 'Matthiew Crookes', '2255034649', 'mcrookes1y@oakley.com', 'mcrookes1y', 'cbomHi'),
(72, 'Eustace Steptoe', '6666077681', 'esteptoe1z@dyndns.org', 'esteptoe1z', 'WitbyRKsn'),
(73, 'Meriel Kermit', '7377206952', 'mkermit20@desdev.cn', 'mkermit20', 'sbtDK8'),
(74, 'Joli Storie', '1296711264', 'jstorie21@disqus.com', 'jstorie21', 'jXboIsC7Bqzq'),
(75, 'Gale Floyde', '3027219612', 'gfloyde22@angelfire.com', 'gfloyde22', 'yGKsR4'),
(76, 'Tove Wey', '4268091090', 'twey23@multiply.com', 'twey23', 'YN2jt9'),
(77, 'Rosalinda Pedrazzi', '4223141087', 'rpedrazzi24@engadget.com', 'rpedrazzi24', 'oZHs21K9uC2'),
(78, 'Grace Fleetham', '7764676350', 'gfleetham25@wisc.edu', 'gfleetham25', 'kFPwCAd4w'),
(79, 'Kimbell Redd', '6998922346', 'kredd26@harvard.edu', 'kredd26', 'y87kVlqZGZeS'),
(80, 'Holt Tremlett', '1674027548', 'htremlett27@behance.net', 'htremlett27', 'YUAo3CQeZ'),
(81, 'Bee Emery', '3044301989', 'bemery28@storify.com', 'bemery28', 'gXwrs9DB4V'),
(82, 'Marigold Abry', '7116802486', 'mabry29@vkontakte.ru', 'mabry29', 'ogDsRxr7'),
(83, 'Simonne Hudson', '9239878688', 'shudson2a@nytimes.com', 'shudson2a', 'qXrbpNavO'),
(84, 'Culley Palfree', '3409935259', 'cpalfree2b@vk.com', 'cpalfree2b', 'ygIZ9E7U5H'),
(85, 'David O''Dennehy', '5223607008', 'dodennehy2c@yandex.ru', 'dodennehy2c', 'FFiTgyqcW'),
(86, 'Franklyn Geraldini', '6806953774', 'fgeraldini2d@adobe.com', 'fgeraldini2d', '8x8uFowfSwEp'),
(87, 'Kalindi Bloschke', '7482721182', 'kbloschke2e@reuters.com', 'kbloschke2e', '2sC5nl0d5bzl'),
(88, 'Marcelline Tipple', '5261354741', 'mtipple2f@ycombinator.com', 'mtipple2f', '4WP68GV138A'),
(89, 'Conney Vinnick', '4689363882', 'cvinnick2g@examiner.com', 'cvinnick2g', 'euT1sXKy'),
(90, 'Karleen McAvinchey', '3233381308', 'kmcavinchey2h@wordpress.com', 'kmcavinchey2h', 'BYHNkk'),
(91, 'Anselm Loxdale', '2499350857', 'aloxdale2i@timesonline.co.uk', 'aloxdale2i', '4puA51dVG'),
(92, 'Arvie Lain', '2249626711', 'alain2j@goo.ne.jp', 'alain2j', 'WAlsi44a7'),
(93, 'Kristan Fakeley', '3644242067', 'kfakeley2k@google.es', 'kfakeley2k', 'mNrJyJOO'),
(94, 'Enid Porch', '9021203101', 'eporch2l@house.gov', 'eporch2l', 'FTApnxKE'),
(95, 'Cherilyn Dignam', '6039821631', 'cdignam2m@arstechnica.com', 'cdignam2m', 'CADKPCA'),
(96, 'Dora Haglinton', '4189963021', 'dhaglinton2n@csmonitor.com', 'dhaglinton2n', 'yZARty87ns'),
(97, 'Eadmund Gremane', '3631490871', 'egremane2o@europa.eu', 'egremane2o', 'G02weDXQz'),
(98, 'Mollie Worthy', '9882474651', 'mworthy2p@digg.com', 'mworthy2p', 'ifmIau1Ayb'),
(99, 'Nissy Seivwright', '8406990905', 'nseivwright2q@slideshare.net', 'nseivwright2q', 'CdG30D7YuzM5'),
(100, 'De witt Muirden', '4063009035', 'dwitt2r@artisteer.com', 'dwitt2r', 'RP58dcOA0'),
(101, 'Piggy Flello', '8621624547', 'pflello2s@cam.ac.uk', 'pflello2s', 'UwJ6ZZJcX'),
(102, 'Garald Cauderlie', '1118699474', 'gcauderlie2t@imdb.com', 'gcauderlie2t', 'EJdwcR'),
(103, 'Ario Gallienne', '4797140399', 'agallienne2u@tripod.com', 'agallienne2u', 'gnISz7dQR'),
(104, 'Rutger Rowthorn', '7809001401', 'rrowthorn2v@goo.gl', 'rrowthorn2v', 'AGx9T9BlX'),
(105, 'Lucinda Alps', '2495691146', 'lalps2w@sina.com.cn', 'lalps2w', 'q8bShbeAFv'),
(106, 'Kessiah Otto', '4715072577', 'kotto2x@kickstarter.com', 'kotto2x', 'Dzyv9gUWJ'),
(107, 'El Guyet', '1857567367', 'eguyet2y@mlb.com', 'eguyet2y', '1CrqzuoA'),
(108, 'Vonni McCaighey', '3032929300', 'vmccaighey2z@time.com', 'vmccaighey2z', 'VqmK8Ej2LMDS'),
(109, 'Ophelia Strathern', '8668147599', 'ostrathern30@unicef.org', 'ostrathern30', 'T46bNwJY'),
(110, 'Meggy Braunston', '8676995409', 'mbraunston31@slate.com', 'mbraunston31', '97viEKBBL'),
(111, 'Verne Buston', '2825537612', 'vbuston32@arizona.edu', 'vbuston32', '81y6IBZFFU'),
(112, 'Bibby McCullouch', '9328960448', 'bmccullouch33@is.gd', 'bmccullouch33', 'RI16tv'),
(113, 'Maggy Hacard', '9223528262', 'mhacard34@feedburner.com', 'mhacard34', '0dO7v4h'),
(114, 'Charmion Zum Felde', '5572412991', 'czum35@shutterfly.com', 'czum35', 'BinX6slK4'),
(115, 'Matthias Finnes', '4358648681', 'mfinnes36@apache.org', 'mfinnes36', 'Wia9YUzFuMx'),
(116, 'Alida Thairs', '2499069451', 'athairs37@baidu.com', 'athairs37', 'cDRtELm'),
(117, 'Nicolina McDell', '7318508212', 'nmcdell38@woothemes.com', 'nmcdell38', 'IbBUOw8'),
(118, 'Beryl Carswell', '1437512338', 'bcarswell39@printfriendly.com', 'bcarswell39', 'yhvB9Rw9'),
(119, 'Alonso Egel', '3903715691', 'aegel3a@parallels.com', 'aegel3a', 'uHY1eWsM'),
(120, 'Demetre Formby', '4071084877', 'dformby3b@mit.edu', 'dformby3b', '2JK71P87RN'),
(121, 'Cele Myrkus', '3116371223', 'cmyrkus3c@flavors.me', 'cmyrkus3c', 'enA6H9NMxn'),
(122, 'Clayborn McNysche', '3438160696', 'cmcnysche3d@meetup.com', 'cmcnysche3d', '7vuk6E'),
(123, 'Blanca Hassur', '7783998829', 'bhassur3e@hc360.com', 'bhassur3e', 'ONmaRv0O'),
(124, 'Tori Jozaitis', '7489641203', 'tjozaitis3f@mashable.com', 'tjozaitis3f', 'T2NUjrf9Wd'),
(125, 'Babbie Krysztofowicz', '8116773801', 'bkrysztofowicz3g@wp.com', 'bkrysztofowicz3g', '6HiwGSv6Lh'),
(126, 'Chucho Screech', '8482468627', 'cscreech3h@ebay.com', 'cscreech3h', '8bitSOSFHR'),
(127, 'Jesse Tesh', '4018352225', 'jtesh3i@cdbaby.com', 'jtesh3i', 'rS9WMO0t4'),
(128, 'Lida Hazeup', '9781058050', 'lhazeup3j@state.gov', 'lhazeup3j', 'ZPWlAT08kOin'),
(129, 'Ed Liddel', '5067655334', 'eliddel3k@pbs.org', 'eliddel3k', 'Ax8DPJn'),
(130, 'Giraud Calladine', '2212065644', 'gcalladine3l@livejournal.com', 'gcalladine3l', 'B5p1Uu6zX'),
(131, 'Vergil Titt', '2364350311', 'vtitt3m@craigslist.org', 'vtitt3m', 'sSlWfM'),
(132, 'Bernhard Annell', '2475384031', 'bannell3n@icio.us', 'bannell3n', 'EJD9mc'),
(133, 'Burnard Allner', '7781187616', 'ballner3o@mit.edu', 'ballner3o', 'rTVe1chQOWrM'),
(134, 'Clarke Cardo', '4238412474', 'ccardo3p@studiopress.com', 'ccardo3p', 'WsCz7q'),
(135, 'Levi Cressey', '4706097913', 'lcressey3q@jiathis.com', 'lcressey3q', 'zWq0lMQ'),
(136, 'Horatio Leaning', '4259509323', 'hleaning3r@forbes.com', 'hleaning3r', 'eb8419QK'),
(137, 'Marisa Haxley', '5593096678', 'mhaxley3s@marriott.com', 'mhaxley3s', 'IID8jmcs3oS'),
(138, 'Dayna Holtom', '4255665475', 'dholtom3t@wix.com', 'dholtom3t', 'ezFIhPmPiG'),
(139, 'Edward Bernaldo', '4851400766', 'ebernaldo3u@diigo.com', 'ebernaldo3u', 'TLCSPMRQoJ'),
(140, 'Gav Rolland', '9196253970', 'grolland3v@wikia.com', 'grolland3v', 'vBJML0UI'),
(141, 'Othilia Mattessen', '9867905669', 'omattessen3w@yelp.com', 'omattessen3w', 'tqleYzMYhM'),
(142, 'Felizio Lewinton', '2741248426', 'flewinton3x@ucsd.edu', 'flewinton3x', 'JoJzTHb6N'),
(143, 'Sheridan Moneti', '3887704590', 'smoneti3y@goodreads.com', 'smoneti3y', 'TalSLqOr'),
(144, 'Sheila Pelman', '4138954521', 'spelman3z@mozilla.com', 'spelman3z', 'OPc0nI7GS'),
(145, 'Melony Saura', '7985337001', 'msaura40@latimes.com', 'msaura40', '3Y5zWX'),
(146, 'Deeyn Feirn', '6545768979', 'dfeirn41@earthlink.net', 'dfeirn41', 'tUM6Zir'),
(147, 'Niel Giacovetti', '5737649403', 'ngiacovetti42@unicef.org', 'ngiacovetti42', 'L9VygEyG'),
(148, 'Gibbie Peascod', '7578300276', 'gpeascod43@microsoft.com', 'gpeascod43', '8gjINIAn0z84'),
(149, 'Coraline Matson', '4312713334', 'cmatson44@cocolog-nifty.com', 'cmatson44', 'Q32mJ0r'),
(150, 'Quinn Calam', '6865830466', 'qcalam45@independent.co.uk', 'qcalam45', 'MikPEaI4mk6');

DROP TABLE IF EXISTS `reserved_by`;
CREATE TABLE `reserved_by` (
  `customer_username` varchar(20) NOT NULL,
  `TICKET_ID` int(11) NOT NULL AUTO_INCREMENT,
  `res_date` datetime NOT NULL,
  `confirm_sale` varchar(20) NOT NULL,
  PRIMARY KEY (`TICKET_ID`)
) ENGINE=InnoDB AUTO_INCREMENT=90 DEFAULT CHARSET=utf8mb4;

INSERT INTO `reserved_by` (`customer_username`, `TICKET_ID`, `res_date`, `confirm_sale`) VALUES

('caganbicakci', 1, '2019-07-27 14:25:33', 'Reserved'),
('daksak', 2, '2020-01-30 22:28:36', 'Reserved'),
('ekender2', 3, '2019-10-27 21:02:17', 'Purchased'),
('datkin3', 4, '2019-07-29 15:00:05', 'Purchased'),
('asorbie4', 5, '2020-02-06 17:03:28', 'Reserved'),
('elyptrade5', 6, '2019-07-30 01:47:52', 'Purchased'),
('cfairholme6', 7, '2020-01-04 09:40:46', 'Reserved'),
('vskeermor7', 8, '2019-12-25 10:42:17', 'Purchased'),
('fingerson8', 9, '2019-12-25 02:28:11', 'Reserved'),
('gansley9', 10, '2020-05-12 23:01:29', 'Reserved'),
('ihuarda', 11, '2019-12-19 00:43:19', 'Purchased'),
('dtwoohyb', 12, '2020-04-29 02:20:50', 'Reserved'),
('dmailec', 13, '2020-04-07 03:29:42', 'Reserved'),
('rmessierd', 14, '2019-11-15 11:07:11', 'Reserved'),
('nmacallastere', 15, '2020-04-30 08:11:51', 'Reserved'),
('rpallinf', 16, '2019-11-13 08:50:28', 'Reserved'),
('dbearhamg', 17, '2020-04-01 01:09:25', 'Purchased'),
('ecrawleyh', 18, '2019-06-24 11:16:28', 'Purchased'),
('hfowelli', 19, '2020-04-12 21:19:39', 'Reserved'),
('divanyushinj', 20, '2020-03-31 13:13:40', 'Purchased'),
('lhallattl', 21, '2020-05-24 08:37:07', 'Reserved'),
('caganbicakci', 22, '2019-07-22 01:59:09', 'Purchased'),
('daksak', 23, '2020-04-30 12:51:42', 'Reserved'),
('ekender2', 24, '2020-05-21 18:53:33', 'Purchased'),
('datkin3', 25, '2020-03-19 17:44:29', 'Purchased'),
('asorbie4', 26, '2020-01-31 06:01:14', 'Reserved'),
('elyptrade5', 27, '2019-10-19 04:12:59', 'Purchased'),
('cfairholme6', 28, '2020-05-14 21:53:56', 'Reserved'),
('vskeermor7', 29, '2019-09-26 10:50:15', 'Reserved'),
('fingerson8', 30, '2019-07-15 16:53:19', 'Purchased'),
('gansley9', 31, '2020-02-23 19:57:16', 'Purchased'),
('ihuarda', 32, '2020-05-12 22:55:36', 'Purchased'),
('dtwoohyb', 33, '2020-02-17 09:08:31', 'Reserved'),
('dmailec', 34, '2020-03-26 13:35:15', 'Purchased'),
('rmessierd', 35, '2020-01-12 08:00:53', 'Purchased'),
('nmacallastere', 36, '2019-10-20 23:56:44', 'Purchased'),
('rpallinf', 37, '2019-07-03 03:49:56', 'Purchased'),
('dbearhamg', 38, '2019-07-24 16:57:47', 'Purchased'),
('ecrawleyh', 39, '2019-09-07 11:16:24', 'Reserved'),
('hfowelli', 40, '2020-01-05 06:16:57', 'Reserved'),
('divanyushinj', 41, '2020-01-29 12:05:43', 'Purchased'),
('lhallattl', 42, '2020-05-14 06:00:54', 'Reserved'),
('caganbicakci', 43, '2019-10-06 04:37:08', 'Purchased'),
('daksak', 44, '2020-03-17 06:17:18', 'Reserved'),
('ekender2', 45, '2020-04-01 22:45:39', 'Purchased'),
('datkin3', 46, '2019-07-25 07:24:25', 'Reserved'),
('asorbie4', 47, '2020-05-05 10:29:11', 'Reserved'),
('elyptrade5', 48, '2019-09-19 18:30:37', 'Reserved'),
('cfairholme6', 49, '2019-11-19 04:36:34', 'Reserved'),
('vskeermor7', 50, '2020-01-29 18:59:15', 'Purchased'),
('fingerson8', 51, '2020-03-16 11:57:56', 'Purchased'),
('gansley9', 52, '2019-08-21 04:05:32', 'Reserved'),
('ihuarda', 53, '2020-04-18 17:38:24', 'Reserved'),
('dtwoohyb', 54, '2019-06-18 05:43:07', 'Reserved'),
('dmailec', 55, '2019-09-16 19:17:12', 'Reserved'),
('rmessierd', 56, '2019-09-11 20:53:04', 'Purchased'),
('nmacallastere', 57, '2019-11-21 16:10:10', 'Reserved'),
('rpallinf', 58, '2020-03-17 10:31:43', 'Purchased'),
('dbearhamg', 59, '2019-06-17 08:41:26', 'Reserved'),
('ecrawleyh', 60, '2020-01-04 00:02:38', 'Purchased'),
('hfowelli', 61, '2020-02-08 08:37:11', 'Reserved'),
('divanyushinj', 62, '2019-07-23 13:37:18', 'Reserved'),
('lhallattl', 63, '2020-05-12 00:49:47', 'Purchased'),
('caganbicakci', 64, '2019-11-02 22:09:24', 'Purchased'),
('daksak', 65, '2019-09-14 14:09:28', 'Reserved'),
('ekender2', 66, '2019-08-17 00:34:25', 'Reserved'),
('datkin3', 67, '2019-06-18 06:19:45', 'Reserved'),
('asorbie4', 68, '2019-12-17 01:24:10', 'Purchased'),
('elyptrade5', 69, '2019-11-11 20:18:40', 'Reserved'),
('cfairholme6', 70, '2019-06-27 06:02:58', 'Reserved'),
('vskeermor7', 71, '2020-01-12 22:44:34', 'Purchased'),
('fingerson8', 72, '2020-03-04 17:49:51', 'Reserved'),
('gansley9', 73, '2019-09-23 22:26:59', 'Reserved'),
('ihuarda', 74, '2019-09-12 06:58:34', 'Reserved'),
('dtwoohyb', 75, '2020-03-24 11:28:39', 'Reserved'),
('dmailec', 76, '2019-12-27 16:54:48', 'Purchased'),
('rmessierd', 77, '2019-09-08 18:20:41', 'Reserved'),
('nmacallastere', 78, '2020-02-28 04:56:26', 'Purchased'),
('rpallinf', 79, '2019-09-10 08:50:50', 'Purchased'),
('dbearhamg', 80, '2019-06-23 17:16:02', 'Purchased'),
('ecrawleyh', 81, '2020-02-29 15:46:32', 'Purchased'),
('hfowelli', 82, '2019-09-07 02:36:39', 'Purchased'),
('divanyushinj', 83, '2020-02-11 00:56:38', 'Reserved'),
('lhallattl', 84, '2020-05-26 17:25:57', 'Reserved'),
('caganbicakci', 85, '2020-04-22 06:09:29', 'Purchased'),
('daksak', 86, '2019-12-04 00:04:25', 'Reserved'),
('ekender2', 87, '2019-12-14 05:15:21', 'Reserved'),
('datkin3', 88, '2019-11-13 07:56:34', 'Reserved'),
('asorbie4', 89, '2020-03-29 11:12:11', 'Reserved'),
('elyptrade5', 90, '2019-10-30 07:04:57', 'Reserved'),
('cfairholme6', 91, '2020-03-28 07:06:21', 'Purchased'),
('vskeermor7', 92, '2019-08-17 09:03:25', 'Reserved'),
('fingerson8', 93, '2020-04-12 01:40:16', 'Reserved'),
('gansley9', 94, '2020-02-28 16:40:09', 'Reserved'),
('ihuarda', 95, '2020-04-27 11:45:54', 'Reserved'),
('dtwoohyb', 96, '2019-12-10 13:30:55', 'Purchased'),
('dmailec', 97, '2019-07-13 09:19:05', 'Purchased'),
('rmessierd', 98, '2020-05-30 16:08:11', 'Purchased'),
('nmacallastere', 99, '2019-08-14 11:15:05', 'Purchased'),
('rpallinf', 100, '2019-10-10 01:55:16', 'Reserved');

DROP TABLE IF EXISTS `shows`;
CREATE TABLE `shows` (
  `show_id` int(11) NOT NULL AUTO_INCREMENT,
  `s_name` varchar(50) NOT NULL,
  `s_date` date NOT NULL,
  `language` varchar(20) NOT NULL DEFAULT 'Turkish',
  `st_time` varchar(5) NOT NULL DEFAULT '21:00',
  `TID` int(11) NOT NULL,
  `price` double NOT NULL ,
  PRIMARY KEY (`show_id`),
  KEY `shows_ibfk_1` (`TID`)
) ENGINE=InnoDB AUTO_INCREMENT=1051 DEFAULT CHARSET=utf8mb4;

INSERT INTO `shows` (`show_id`, `s_name`, `s_date`, `language`, `st_time`, `TID`, `price`) VALUES

(1, 'Three Kingdoms', '2019-09-07', 'Turkish', '18:00', 47, 50),
(2, 'Songs of the Dragons Flying to Heaven', '2020-05-25', 'German', '15:00', 67, 50),
(3, 'Mission Drift', '2020-01-20', 'English', '18:00', 2, 50),
(4, 'Elmina’s Kitchen', '2019-10-02', 'German', '18:00', 64, 30),
(5, 'The Smile Off Your Face', '2019-12-17', 'English', '15:00', 78, 30),
(6, 'Frost/Nixon', '2020-01-03', 'French', '12:00', 90, 50),
(7, 'Jerusalem', '2020-05-20', 'French', '18:00', 16, 50),
(8, 'Hamilton', '2019-10-21', 'Turkish', '15:00', 73, 50),
(9, 'The Children', '2020-01-29', 'German', '21:00', 48, 30),
(10, 'The Flick', '2019-11-18', 'French', '12:00', 91, 30),
(11, 'A 24-Decade History of Popular Music', '2020-03-26', 'Turkish', '18:00', 21, 20),
(12, 'The York Realist', '2020-05-02', 'Turkish', '21:00', 1, 50),
(13, 'Matilda', '2020-01-16', 'German', '21:00', 39, 50),
(14, 'Escaped Alone', '2019-12-17', 'French', '15:00', 96, 50),
(15, 'Black Watch', '2020-01-17', 'Turkish', '18:00', 97, 50),
(16, 'Chimerica', '2019-09-11', 'French', '21:00', 25, 20),
(17, 'An Octoroon', '2019-06-05', 'Turkish', '21:00', 98, 50),
(18, 'King Charles III', '2020-02-02', 'French', '12:00', 8, 50),
(19, 'The Encounter', '2020-01-25', 'French', '18:00', 56, 20),
(20, 'The Encounter', '2020-01-29', 'German', '21:00', 37, 30),
(21, 'The Inheritance', '2020-02-02', 'English', '21:00', 32, 30),
(22, 'Blue/Orange', '2020-05-17', 'French', '18:00', 99, 20),
(23, 'Nine Night', '2019-07-11', 'Turkish', '18:00', 15, 50),
(24, 'Enron', '2020-01-06', 'French', '12:00', 70, 30),
(25, 'Our Lady of Kibeho', '2019-09-29', 'German', '12:00', 44, 20),
(26, 'Barber Shop Chronicles', '2020-04-24', 'Turkish', '18:00', 28, 20),
(27, 'Blackbird', '2019-07-05', 'French', '15:00', 32, 20),
(28, 'The Watsons', '2020-05-18', 'German', '21:00', 42, 50),
(29, 'The Height of the Storm', '2019-11-20', 'German', '15:00', 60, 50),
(30, 'London Road', '2020-03-19', 'French', '12:00', 16, 50),
(31, 'Brand New Ancients', '2019-07-14', 'French', '21:00', 91, 30),
(32, 'The Masque of the Red Death', '2019-12-23', 'French', '15:00', 32, 20),
(33, 'Cyprus Avenue', '2020-03-18', 'German', '18:00', 87, 50),
(34, 'The James Plays', '2020-03-14', 'Turkish', '18:00', 27, 20),
(35, 'Iphigenia in Splott', '2020-03-14', 'Turkish', '18:00', 56, 30),
(36, 'The History Boys', '2019-06-14', 'German', '18:00', 69, 50),
(37, 'Red Velvet', '2019-10-09', 'French', '15:00', 41, 20),
(38, 'Fun Home', '2020-01-16', 'English', '18:00', 35, 20),
(39, 'Mr Burns', '2019-09-06', 'German', '12:00', 89, 20),
(40, 'Ruined', '2020-05-30', 'Turkish', '18:00', 7, 20),
(41, 'Sing Yer Heart Out for the Lads', '2020-05-05', 'English', '21:00', 90, 30),
(42, 'God of Carnage', '2020-03-29', 'German', '12:00', 86, 20),
(43, 'random', '2019-08-04', 'Turkish', '12:00', 77, 30),
(44, 'An Oak Tree', '2020-02-25', 'Turkish', '15:00', 49, 30),
(45, 'First Night', '2020-02-25', 'French', '21:00', 100, 50),
(46, 'Caroline', '2019-07-03', 'English', '21:00', 70, 50),
(47, ' or Change', '2019-07-18', 'German', '18:00', 43, 30),
(48, 'One Man', '2019-12-08', 'German', '21:00', 80, 50),
(49, ' Two Guvnors', '2019-07-16', 'Turkish', '18:00', 57, 20),
(50, 'Topdog/Underdog', '2019-09-02', 'Turkish', '18:00', 40, 20);


DROP TABLE IF EXISTS `staff`;
CREATE TABLE `staff` (
  `staff_id` int(11) NOT NULL AUTO_INCREMENT,
  `staff_name` varchar(20) NOT NULL,
  `phone` varchar(12) NOT NULL,
  `address` text NOT NULL,
  `staff_type` varchar(20) NOT NULL,
  `staff_username` varchar(20) NOT NULL,
  `staff_pw` varchar(20) NOT NULL,
  PRIMARY KEY (`staff_id`)
) ENGINE=InnoDB AUTO_INCREMENT=35 DEFAULT CHARSET=utf8mb4;

INSERT INTO `staff` (`staff_id`, `staff_name`, `phone`, `address`, `staff_type`, `staff_username`, `staff_pw`) VALUES
(24,	'Elva Shank',	'2021890391',	'69 Saint Paul Pass',	'Sales',	'eshankr',	'IG6rQmG1Js'),
(25,	'Vachel Harme',	'8874017590',	'6 Atwood Crossing',	'Sales',	'vharmem',	'pEWzxQDyIv'),
(26,	'Lane Joanaud',	'1988875047',	'92590 Briar Crest Hill',	'Marketing',	'ljoanaudb',	'8ZSz84gQFR'),
(27,	'Jenn Barensky',	'6361752490',	'602 Elgar Circle',	'Sales',	'jbarenskyp',	'5ZwuC2scNXO'),
(28,	'Biddie D\'Avaux',	'1702326080',	'02 Green Ridge Center',	'Product Management',	'bdavauxe',	'6tG1eQMNlib'),
(29,	'Lemmy Babinski',	'4307333670',	'9 Clyde Gallagher Lane',	'Legal',	'lbabinski6',	'5JqQt1WvPG'),
(30,	'Nedda Elsom',	'2163041521',	'02606 Continental Avenue',	'Marketing',	'nelsomi',	'isJh2KFtR6DX'),
(32,	'Doğancan ',	'5547261022',	'ESKİŞEHİR',	'Manager',	'daksak',	'0000'),
(33,	'admin',	'05555555555',	'ESKİŞEHİR',	'Manager',	'admin',	'admin'),
(34,	'Çağan ',	'65765756765',	'ESKİŞEHİR',	'Manager',	'cadsdci',	'0000');

DROP TABLE IF EXISTS `theatre`;
CREATE TABLE `theatre` (
  `tid` int(11) NOT NULL AUTO_INCREMENT,
  `t_name` varchar(50) NOT NULL,
  `location` varchar(255) NOT NULL,
  PRIMARY KEY (`tid`)
) ENGINE=InnoDB AUTO_INCREMENT=102 DEFAULT CHARSET=utf8mb4;

INSERT INTO `theatre` (`tid`, `t_name`, `location`) VALUES

(1, 'La Scala de Milan', '2 Randy Way'),
(2, 'Moscow Bolshoi Theatre', '081 Lindbergh Park'),
(3, 'The Sydney Opera House', '597 Calypso Pass'),
(4, 'Convent Garden', '7 Division Terrace'),
(5, 'Teatro la Fenice', '1 Vermont Plaza'),
(6, 'Teatro Real de Madrid', '644 Norway Maple Hill'),
(7, 'The Metropolitan Opera House', '45 Pleasure Plaza'),
(8, 'Wiener Staatsoper', '93 Spohn Terrace'),
(9, 'Teatro Colon in Buenos Aires', '4 Pepper Wood Alley'),
(10, 'The Liceo de Barcelona', '9298 Waywood Point'),
(11, 'Harbiye Muhsin Ertuğrul Sahnesi', '8 Maple Parkway'),
(12, 'Zorlu Center PSM', '18 Fallview Lane'),
(13, 'Akatlar Kültür Merkezi', '2790 Hazelcrest Street'),
(14, 'Atatürk Kültür Merkezi', '185 Bonner Park'),
(15, ' İstanbul', '6 Mcbride Alley'),
(16, 'Aziziye Tiyatrosu', '67 Bluestem Way'),
(17, 'Cemil Topuzlu Açıkhava Tiyatrosu', '1541 Bonner Plaza'),
(18, 'Elhamra Sineması (İstanbul)', '73 Pawling Terrace'),
(19, 'Gedikpaşa Tiyatrosu', '8634 Trailsway Road'),
(20, 'İstanbul Şehir Tiyatroları', '36 David Plaza'),
(21, 'Müjdat Gezen Tiyatrosu', '75 Emmet Street'),
(22, 'Naum Tiyatrosu', '9085 Trailsway Crossing'),
(23, 'Nâzım Hikmet Akademisi', '5149 Ridge Oak Drive'),
(24, 'Tiyatro Pera', '19 Moose Center'),
(25, 'Taksim Sahnesi', '2132 Scoville Junction'),
(26, 'Tepebaşı Tiyatrosu', '96 Iowa Court'),
(27, 'Ali Paşa Hanı', '70 Hayes Junction'),
(28, 'Krek', '67 Darwin Parkway'),
(29, 'Ses – 1885 Ortaoyuncular Tiyatrosu', '59594 Ronald Regan Place'),
(30, 'Tatavla Sahne', '51084 Briar Crest Alley'),
(31, 'İkincikat', '2 Moland Trail'),
(32, 'Moda Sahnesi', '48798 Leroy Hill'),
(33, 'Kadıköy Haldun Taner Sahnesi', '7 Mandrake Plaza'),
(34, 'Tiyatro Kara Kutu', '5 Vernon Alley'),
(35, 'Kumbaracı 50', '984 Nancy Hill'),
(36, '125. Yıl Çayyolu Sahnesi', '86 Vidon Way'),
(37, '75. Yıl Sahnesi', '3 Merchant Terrace'),
(38, 'Akün Sahnesi', '60 5th Crossing'),
(39, 'Altındağ Tiyatrosu', '258 Bellgrove Junction'),
(40, 'Büyük Tiyatro', '4813 South Circle'),
(41, 'İrfan Şahinbaş Atölye Sahnesi', '6 Bobwhite Road'),
(42, 'Küçük Tiyatro', '46 Division Alley'),
(43, 'Muhsin Ertuğrul Sahnesi', '98870 Elgar Center'),
(44, 'Mahir Canova Sahnesi', '21740 Johnson Center'),
(45, 'Oda Tiyatrosu', '7266 Debs Hill'),
(46, 'Orhan Asena Deneme Sahnesi', '30740 Dixon Alley'),
(47, 'Stüdyo Sahnesi', '825 Sauthoff Place'),
(48, 'Şinasi Sahnesi', '09 Butterfield Center'),
(49, 'Tatbikat Sahnesi', '3 Anthes Court'),
(50, 'Ziraat Sahnesi', '1443 Delaware Place'),
(51, 'İzmir Devlet Tiyatrosu', '39 Lawn Pass'),
(52, 'Duvara Karşı Tiyatro Topluluğu', '7 Surrey Terrace'),
(53, 'Ege Sanat Atölyesi', '656 Kedzie Pass'),
(54, 'Güzel Sanatlar Oyuncuları', '14688 Jay Road'),
(55, 'İzmir Devlet Tiyatrosu Konak Sahnesi', '27 Scofield Plaza'),
(56, 'Nâzım Hikmet Kültür Merkezi', '49 Muir Junction'),
(57, 'Sahne Tozu Tiyatrosu', '3 Porter Park'),
(58, 'İzmir Sanat Tiyatrosu', '9011 Fuller Point'),
(59, 'La Scala de Milan', '70 Main Drive'),
(60, 'Moscow Bolshoi Theatre', '373 Warbler Court'),
(61, 'The Sydney Opera House', '6734 Steensland Center'),
(62, 'Convent Garden', '38509 Miller Terrace'),
(63, 'Teatro la Fenice', '435 Anniversary Circle'),
(64, 'Teatro Real de Madrid', '3866 Cardinal Pass'),
(65, 'The Metropolitan Opera House', '0446 Ludington Alley'),
(66, 'Wiener Staatsoper', '535 Oak Alley'),
(67, 'Teatro Colon in Buenos Aires', '35 Schmedeman Pass'),
(68, 'The Liceo de Barcelona', '3337 Hollow Ridge Junction'),
(69, 'Harbiye Muhsin Ertuğrul Sahnesi', '20 Brentwood Road'),
(70, 'Zorlu Center PSM', '39341 Sullivan Pass'),
(71, 'Akatlar Kültür Merkezi', '859 Warner Park'),
(72, 'Atatürk Kültür Merkezi', '09 Birchwood Street'),
(73, ' İstanbul', '5 Grasskamp Center'),
(74, 'Aziziye Tiyatrosu', '2 Karstens Place'),
(75, 'Cemil Topuzlu Açıkhava Tiyatrosu', '2948 Alpine Point'),
(76, 'Elhamra Sineması (İstanbul)', '437 Artisan Lane'),
(77, 'Gedikpaşa Tiyatrosu', '44 Farmco Junction'),
(78, 'İstanbul Şehir Tiyatroları', '5 Hagan Pass'),
(79, 'Müjdat Gezen Tiyatrosu', '727 South Street'),
(80, 'Naum Tiyatrosu', '821 Acker Plaza'),
(81, 'Nâzım Hikmet Akademisi', '66 Daystar Circle'),
(82, 'Tiyatro Pera', '1320 Onsgard Point'),
(83, 'Taksim Sahnesi', '29 Golf View Junction'),
(84, 'Tepebaşı Tiyatrosu', '2 Nevada Crossing'),
(85, 'Ali Paşa Hanı', '6994 Golf View Road'),
(86, 'Krek', '3 Evergreen Place'),
(87, 'Ses – 1885 Ortaoyuncular Tiyatrosu', '056 Morningstar Avenue'),
(88, 'Tatavla Sahne', '34299 Havey Hill'),
(89, 'İkincikat', '1 Melby Alley'),
(90, 'Moda Sahnesi', '7 Drewry Road'),
(91, 'Kadıköy Haldun Taner Sahnesi', '31614 Artisan Lane'),
(92, 'Tiyatro Kara Kutu', '69336 Goodland Pass'),
(93, 'Kumbaracı 50', '998 Bay Street'),
(94, '125. Yıl Çayyolu Sahnesi', '040 Manitowish Alley'),
(95, '75. Yıl Sahnesi', '6241 Kinsman Avenue'),
(96, 'Akün Sahnesi', '1 Merchant Avenue'),
(97, 'Altındağ Tiyatrosu', '982 Ilene Place'),
(98, 'Büyük Tiyatro', '82 Warbler Circle'),
(99, 'İrfan Şahinbaş Atölye Sahnesi', '5 Waywood Terrace'),
(100, 'Küçük Tiyatro', '555 Sutherland Way');

DROP TABLE IF EXISTS `ticket`;
CREATE TABLE `ticket` (
  `ticket_id` int(11) NOT NULL,
  `hall_no` int(11) NOT NULL,
  `seat_no` varchar(3) NOT NULL,
  `TID` int(11) NOT NULL,
  PRIMARY KEY (`ticket_id`),
  KEY `TID` (`TID`),
  CONSTRAINT `ticket_ibfk_1` FOREIGN KEY (`TID`) REFERENCES `theatre` (`tid`)
) ENGINE=InnoDB DEFAULT CHARSET=utf8mb4;

INSERT INTO `ticket` (`ticket_id`, `hall_no`, `seat_no`, `TID`) VALUES

(1, 5, 'A1', 65),
(2, 1, 'A2', 15),
(3, 10, 'A3', 33),
(4, 1, 'A4', 50),
(5, 9, 'A5', 11),
(6, 10, 'A6', 65),
(7, 1, 'A7', 43),
(8, 9, 'A8', 7),
(9, 1, 'A9', 8),
(10, 2, 'A10', 70),
(11, 9, 'A11', 12),
(12, 5, 'A12', 7),
(13, 8, 'A13', 72),
(14, 5, 'A14', 61),
(15, 5, 'A15', 60),
(16, 10, 'A16', 99),
(17, 5, 'A17', 28),
(18, 6, 'A18', 99),
(19, 6, 'A19', 47),
(20, 4, 'A20', 87),
(21, 8, 'B1', 86),
(22, 1, 'B2', 75),
(23, 2, 'B3', 88),
(24, 5, 'B4', 49),
(25, 4, 'B5', 1),
(26, 5, 'B6', 1),
(27, 4, 'B7', 63),
(28, 1, 'B8', 39),
(29, 10, 'B9', 12),
(30, 8, 'B10', 75),
(31, 3, 'B11', 47),
(32, 4, 'B12', 71),
(33, 10, 'B13', 72),
(34, 3, 'B14', 22),
(35, 4, 'B15', 95),
(36, 6, 'B16', 98),
(37, 10, 'B17', 72),
(38, 1, 'B18', 7),
(39, 7, 'B19', 88),
(40, 10, 'B20', 26),
(41, 4, 'C1', 48),
(42, 2, 'C2', 90),
(43, 10, 'C3', 74),
(44, 2, 'C4', 76),
(45, 10, 'C5', 46),
(46, 4, 'C6', 75),
(47, 10, 'C7', 8),
(48, 2, 'C8', 50),
(49, 4, 'C9', 88),
(50, 6, 'C10', 4),
(51, 6, 'C11', 24),
(52, 5, 'C12', 25),
(53, 4, 'C13', 26),
(54, 4, 'C14', 73),
(55, 1, 'C15', 85),
(56, 10, 'C16', 11),
(57, 8, 'C17', 23),
(58, 8, 'C18', 68),
(59, 9, 'C19', 32),
(60, 7, 'C20', 52),
(61, 6, 'D1', 6),
(62, 4, 'D2', 61),
(63, 10, 'D3', 58),
(64, 5, 'D4', 92),
(65, 3, 'D5', 49),
(66, 6, 'D6', 38),
(67, 1, 'D7', 47),
(68, 5, 'D8', 46),
(69, 3, 'D9', 42),
(70, 1, 'D10', 97),
(71, 4, 'D11', 9),
(72, 8, 'D12', 81),
(73, 1, 'D13', 28),
(74, 9, 'D14', 90),
(75, 9, 'D15', 50),
(76, 7, 'D16', 17),
(77, 9, 'D17', 13),
(78, 8, 'D18', 86),
(79, 6, 'D19', 90),
(80, 6, 'D20', 93),
(81, 9, 'E1', 58),
(82, 5, 'E2', 51),
(83, 5, 'E3', 69),
(84, 9, 'E4', 90),
(85, 8, 'E5', 21),
(86, 2, 'E6', 9),
(87, 10, 'E7', 10),
(88, 2, 'E8', 14),
(89, 10, 'E9', 39),
(90, 9, 'E10', 53),
(91, 9, 'E11', 41),
(92, 2, 'E12', 49),
(93, 8, 'E13', 48),
(94, 10, 'E14', 5),
(95, 4, 'E15', 95),
(96, 7, 'E16', 7),
(97, 7, 'E17', 9),
(98, 10, 'E18', 15),
(99, 7, 'E19', 50),
(100, 10, 'E20', 16);

-- 2020-06-05 05:49:43
